{"cameraMode":{"drawMode":0,"name":"Shaded","section":"Shading Mode"},"sceneLighting":true,"audioPlay":false,"sceneViewState":{"showFog":true,"showMaterialUpdate":false,"showSkybox":false,"showFlares":true,"showImageEffects":true,"showParticleSystems":true},"in2DMode":false,"pivot":{"x":1.1989330053329468,"y":2.5164384841918947,"z":-2.993952989578247},"rotation":{"x":-0.2723478674888611,"y":0.2594497799873352,"z":-0.07652284950017929,"w":-0.9233942031860352},"size":3.3966622352600099,"orthographic":false}