{"cameraMode":{"drawMode":0,"name":"Shaded","section":"Shading Mode"},"sceneLighting":true,"audioPlay":false,"sceneViewState":{"showFog":true,"showMaterialUpdate":false,"showSkybox":false,"showFlares":true,"showImageEffects":true,"showParticleSystems":true},"in2DMode":false,"pivot":{"x":-123.60710906982422,"y":1.690000057220459,"z":-34.44677734375},"rotation":{"x":-0.017647337168455125,"y":-0.06893926113843918,"z":-0.0012197208125144244,"w":0.9974640607833862},"size":7.57427453994751,"orthographic":false}