{"cameraMode":{"drawMode":1,"name":"Wireframe","section":"Shading Mode"},"sceneLighting":false,"audioPlay":false,"sceneViewState":{"showFog":true,"showMaterialUpdate":false,"showSkybox":false,"showFlares":true,"showImageEffects":true,"showParticleSystems":true},"in2DMode":false,"pivot":{"x":-189.94300842285157,"y":-25.89160919189453,"z":-8.101847648620606},"rotation":{"x":0.16112680733203889,"y":-0.7309457063674927,"z":0.1849379688501358,"w":0.6368317008018494},"size":173.38026428222657,"orthographic":false}