{"cameraMode":{"drawMode":0,"name":"Shaded","section":"Shading Mode"},"sceneLighting":true,"audioPlay":false,"sceneViewState":{"showFog":true,"showMaterialUpdate":false,"showSkybox":false,"showFlares":true,"showImageEffects":true,"showParticleSystems":true},"in2DMode":false,"pivot":{"x":-122.84965515136719,"y":1.5006252527236939,"z":-27.04850196838379},"rotation":{"x":0.08079773187637329,"y":0.7611078023910523,"z":-0.09664984792470932,"w":0.6362748146057129},"size":1.594001054763794,"orthographic":false}