{"cameraMode":{"drawMode":0,"name":"Shaded","section":"Shading Mode"},"sceneLighting":true,"audioPlay":false,"sceneViewState":{"showFog":true,"showMaterialUpdate":false,"showSkybox":true,"showFlares":true,"showImageEffects":true,"showParticleSystems":true},"in2DMode":false,"pivot":{"x":1067.4404296875,"y":939.7958984375,"z":-64.12158203125},"rotation":{"x":-0.008652395568788052,"y":0.08660528063774109,"z":0.0007508824346587062,"w":0.9962048530578613},"size":2362.6162109375,"orthographic":false}