{"cameraMode":{"drawMode":0,"name":"Shaded","section":"Shading Mode"},"sceneLighting":true,"audioPlay":false,"sceneViewState":{"showFog":true,"showMaterialUpdate":false,"showSkybox":false,"showFlares":true,"showImageEffects":true,"showParticleSystems":true},"in2DMode":false,"pivot":{"x":-131.73089599609376,"y":0.17850375175476075,"z":-33.10236358642578},"rotation":{"x":0.024164173752069474,"y":-0.9700115323066711,"z":0.1084197610616684,"w":0.21619203686714173},"size":11.298699378967286,"orthographic":false}