{"cameraMode":{"drawMode":0,"name":"Shaded","section":"Shading Mode"},"sceneLighting":true,"audioPlay":false,"sceneViewState":{"showFog":true,"showMaterialUpdate":false,"showSkybox":false,"showFlares":true,"showImageEffects":true,"showParticleSystems":true},"in2DMode":false,"pivot":{"x":0.47102653980255129,"y":1.4049999713897706,"z":-0.7886676788330078},"rotation":{"x":-0.14687609672546388,"y":0.6065266728401184,"z":-0.1152704581618309,"w":-0.7728295922279358},"size":1.7863487005233765,"orthographic":false}