{"cameraMode":{"drawMode":0,"name":"Shaded","section":"Shading Mode"},"sceneLighting":true,"audioPlay":false,"sceneViewState":{"showFog":true,"showMaterialUpdate":false,"showSkybox":true,"showFlares":true,"showImageEffects":true,"showParticleSystems":true},"in2DMode":false,"pivot":{"x":316.6377868652344,"y":-13.98685073852539,"z":320.268798828125},"rotation":{"x":0.3626013696193695,"y":0.39196279644966128,"z":-0.17167210578918458,"w":0.8278973698616028},"size":85.10118865966797,"orthographic":false}