{"cameraMode":{"drawMode":0,"name":"Shaded","section":"Shading Mode"},"sceneLighting":true,"audioPlay":false,"sceneViewState":{"showFog":true,"showMaterialUpdate":false,"showSkybox":false,"showFlares":true,"showImageEffects":true,"showParticleSystems":true},"in2DMode":false,"pivot":{"x":0.3584592640399933,"y":1.8181312084197999,"z":-0.6515285968780518},"rotation":{"x":0.005604109261184931,"y":0.9882427453994751,"z":-0.037383247166872028,"w":0.14814646542072297},"size":1.790020227432251,"orthographic":false}