{"cameraMode":{"drawMode":0,"name":"Shaded","section":"Shading Mode"},"sceneLighting":false,"audioPlay":false,"sceneViewState":{"showFog":true,"showMaterialUpdate":false,"showSkybox":false,"showFlares":true,"showImageEffects":true,"showParticleSystems":true},"in2DMode":false,"pivot":{"x":83.93072509765625,"y":90.281982421875,"z":455.0812072753906},"rotation":{"x":0.13462857902050019,"y":-0.15863361954689027,"z":0.02183893881738186,"w":0.9778719544410706},"size":74.3411865234375,"orthographic":false}