{"cameraMode":{"drawMode":0,"name":"Shaded","section":"Shading Mode"},"sceneLighting":true,"audioPlay":false,"sceneViewState":{"showFog":true,"showMaterialUpdate":false,"showSkybox":true,"showFlares":true,"showImageEffects":true,"showParticleSystems":true},"in2DMode":false,"pivot":{"x":383.074951171875,"y":10.730971336364746,"z":165.50100708007813},"rotation":{"x":-0.007748279720544815,"y":0.13642960786819459,"z":-0.0010664297733455897,"w":-0.9906189441680908},"size":16.190406799316408,"orthographic":false}