{"cameraMode":{"drawMode":0,"name":"Shaded","section":"Shading Mode"},"sceneLighting":true,"audioPlay":false,"sceneViewState":{"showFog":true,"showMaterialUpdate":false,"showSkybox":false,"showFlares":true,"showImageEffects":true,"showParticleSystems":true},"in2DMode":false,"pivot":{"x":-0.10204422473907471,"y":0.9681333303451538,"z":0.31040799617767336},"rotation":{"x":-0.15701539814472199,"y":0.1408034861087799,"z":-0.02262311987578869,"w":-0.9772455096244812},"size":2.3340301513671877,"orthographic":false}