{"cameraMode":{"drawMode":0,"name":"Shaded","section":"Shading Mode"},"sceneLighting":true,"audioPlay":false,"sceneViewState":{"showFog":true,"showMaterialUpdate":false,"showSkybox":false,"showFlares":true,"showImageEffects":true,"showParticleSystems":true},"in2DMode":false,"pivot":{"x":1.2743768692016602,"y":-7.779866695404053,"z":-1.9305744171142579},"rotation":{"x":0.1270742267370224,"y":-0.4064978361129761,"z":0.05720623955130577,"w":0.9029613733291626},"size":20.197690963745118,"orthographic":false}