{"cameraMode":{"drawMode":0,"name":"Shaded","section":"Shading Mode"},"sceneLighting":false,"audioPlay":false,"sceneViewState":{"showFog":true,"showMaterialUpdate":false,"showSkybox":false,"showFlares":true,"showImageEffects":true,"showParticleSystems":true},"in2DMode":false,"pivot":{"x":0.08056384325027466,"y":0.05163455009460449,"z":0.051099419593811038},"rotation":{"x":-0.3776531517505646,"y":0.11270662397146225,"z":-0.04637042060494423,"w":-0.9178916811943054},"size":3.2220146656036379,"orthographic":false}