{"cameraMode":{"drawMode":0,"name":"Shaded","section":"Shading Mode"},"sceneLighting":false,"audioPlay":false,"sceneViewState":{"showFog":true,"showMaterialUpdate":false,"showSkybox":false,"showFlares":true,"showImageEffects":true,"showParticleSystems":true},"in2DMode":false,"pivot":{"x":-10.449999809265137,"y":1.070000410079956,"z":0.0},"rotation":{"x":-0.13722839951515199,"y":0.09552685171365738,"z":-0.0132971266284585,"w":-0.9858327507972717},"size":23.156457901000978,"orthographic":false}