{"cameraMode":{"drawMode":0,"name":"Shaded","section":"Shading Mode"},"sceneLighting":true,"audioPlay":false,"sceneViewState":{"showFog":true,"showMaterialUpdate":false,"showSkybox":false,"showFlares":true,"showImageEffects":true,"showParticleSystems":true},"in2DMode":false,"pivot":{"x":-126.73507690429688,"y":1.024731993675232,"z":-30.636455535888673},"rotation":{"x":0.10968196392059326,"y":0.6489692330360413,"z":-0.09531409293413162,"w":0.7468093037605286},"size":4.211612701416016,"orthographic":false}