{"cameraMode":{"drawMode":0,"name":"Shaded","section":"Shading Mode"},"sceneLighting":false,"audioPlay":false,"sceneViewState":{"showFog":true,"showMaterialUpdate":false,"showSkybox":false,"showFlares":true,"showImageEffects":true,"showParticleSystems":true},"in2DMode":false,"pivot":{"x":-0.0012072324752807618,"y":0.13040244579315186,"z":0.03190106153488159},"rotation":{"x":-0.3776531517505646,"y":0.11270662397146225,"z":-0.04637042060494423,"w":-0.9178916811943054},"size":2.9534599781036379,"orthographic":false}