{"cameraMode":{"drawMode":0,"name":"Shaded","section":"Shading Mode"},"sceneLighting":false,"audioPlay":false,"sceneViewState":{"showFog":true,"showMaterialUpdate":false,"showSkybox":false,"showFlares":true,"showImageEffects":true,"showParticleSystems":true},"in2DMode":false,"pivot":{"x":0.12066522240638733,"y":1.7428864240646363,"z":0.4328543543815613},"rotation":{"x":-0.04364347830414772,"y":0.6884623765945435,"z":-0.04157214239239693,"w":-0.722763180732727},"size":1.2228028774261475,"orthographic":false}