{"cameraMode":{"drawMode":0,"name":"Shaded","section":"Shading Mode"},"sceneLighting":false,"audioPlay":false,"sceneViewState":{"showFog":true,"showMaterialUpdate":false,"showSkybox":false,"showFlares":true,"showImageEffects":true,"showParticleSystems":true},"in2DMode":false,"pivot":{"x":-0.024073779582977296,"y":0.058302491903305057,"z":-0.004378646612167358},"rotation":{"x":-0.3776531517505646,"y":0.11270662397146225,"z":-0.04637042060494423,"w":-0.9178916811943054},"size":2.471651077270508,"orthographic":false}