{"cameraMode":{"drawMode":0,"name":"Shaded","section":"Shading Mode"},"sceneLighting":true,"audioPlay":false,"sceneViewState":{"showFog":true,"showMaterialUpdate":false,"showSkybox":false,"showFlares":true,"showImageEffects":true,"showParticleSystems":true},"in2DMode":false,"pivot":{"x":283.29864501953127,"y":3.0311241149902345,"z":266.13726806640627},"rotation":{"x":0.23971110582351685,"y":0.09706438332796097,"z":-0.02409493736922741,"w":0.9656793475151062},"size":40.010372161865237,"orthographic":false}