{"cameraMode":{"drawMode":0,"name":"Shaded","section":"Shading Mode"},"sceneLighting":false,"audioPlay":false,"sceneViewState":{"showFog":true,"showMaterialUpdate":false,"showSkybox":false,"showFlares":true,"showImageEffects":true,"showParticleSystems":true},"in2DMode":false,"pivot":{"x":282.94891357421877,"y":-77.103759765625,"z":1908.4310302734375},"rotation":{"x":-0.13914719223976136,"y":0.05403745546936989,"z":-0.007604450453072786,"w":-0.9887670278549194},"size":3101.232421875,"orthographic":false}