{"cameraMode":{"drawMode":0,"name":"Shaded","section":"Shading Mode"},"sceneLighting":true,"audioPlay":false,"sceneViewState":{"showFog":true,"showMaterialUpdate":false,"showSkybox":true,"showFlares":true,"showImageEffects":true,"showParticleSystems":true},"in2DMode":false,"pivot":{"x":-1.3664766550064088,"y":0.1500619649887085,"z":-2.5794858932495119},"rotation":{"x":0.12726187705993653,"y":0.807570219039917,"z":-0.5440080761909485,"w":0.18891815841197968},"size":6.880508899688721,"orthographic":false}