{"cameraMode":{"drawMode":0,"name":"Shaded","section":"Shading Mode"},"sceneLighting":false,"audioPlay":false,"sceneViewState":{"showFog":true,"showMaterialUpdate":false,"showSkybox":false,"showFlares":true,"showImageEffects":true,"showParticleSystems":true},"in2DMode":false,"pivot":{"x":280.795654296875,"y":5.582466125488281,"z":275.73822021484377},"rotation":{"x":0.2518994212150574,"y":-0.43652740120887759,"z":0.1287509799003601,"w":0.854057252407074},"size":14.785286903381348,"orthographic":false}