{"cameraMode":{"drawMode":0,"name":"Shaded","section":"Shading Mode"},"sceneLighting":false,"audioPlay":false,"sceneViewState":{"showFog":true,"showMaterialUpdate":false,"showSkybox":false,"showFlares":true,"showImageEffects":true,"showParticleSystems":true},"in2DMode":false,"pivot":{"x":-0.4121859073638916,"y":1.3574105501174927,"z":0.017286300659179689},"rotation":{"x":0.0676230788230896,"y":-0.21527518332004548,"z":0.014944896101951599,"w":0.9740946888923645},"size":8.708595275878907,"orthographic":false}