{"cameraMode":{"drawMode":0,"name":"Shaded","section":"Shading Mode"},"sceneLighting":false,"audioPlay":false,"sceneViewState":{"showFog":true,"showMaterialUpdate":false,"showSkybox":false,"showFlares":true,"showImageEffects":true,"showParticleSystems":true},"in2DMode":false,"pivot":{"x":1.288360595703125,"y":1.6086978912353516,"z":0.047255516052246097},"rotation":{"x":-0.1629623919725418,"y":0.6356043219566345,"z":-0.13967376947402955,"w":-0.741580605506897},"size":22.0,"orthographic":false}