{"cameraMode":{"drawMode":0,"name":"Shaded","section":"Shading Mode"},"sceneLighting":true,"audioPlay":false,"sceneViewState":{"showFog":true,"showMaterialUpdate":false,"showSkybox":false,"showFlares":true,"showImageEffects":true,"showParticleSystems":true},"in2DMode":false,"pivot":{"x":-120.77542877197266,"y":3.7262229919433595,"z":-38.70833969116211},"rotation":{"x":0.0638875812292099,"y":-0.9291991591453552,"z":-0.1919209063053131,"w":-0.30931177735328677},"size":9.098711013793946,"orthographic":false}