{"cameraMode":{"drawMode":0,"name":"Shaded","section":"Shading Mode"},"sceneLighting":false,"audioPlay":false,"sceneViewState":{"showFog":true,"showMaterialUpdate":false,"showSkybox":false,"showFlares":true,"showImageEffects":true,"showParticleSystems":true},"in2DMode":false,"pivot":{"x":-0.22999858856201173,"y":2.0247790813446047,"z":10.480001449584961},"rotation":{"x":-0.13722839951515199,"y":0.09552685171365738,"z":-0.0132971266284585,"w":-0.9858327507972717},"size":8.116390228271485,"orthographic":false}