{"cameraMode":{"drawMode":0,"name":"Shaded","section":"Shading Mode"},"sceneLighting":false,"audioPlay":false,"sceneViewState":{"showFog":true,"showMaterialUpdate":false,"showSkybox":false,"showFlares":true,"showImageEffects":true,"showParticleSystems":true},"in2DMode":false,"pivot":{"x":-0.0007029175758361816,"y":0.04440551996231079,"z":0.0028525590896606447},"rotation":{"x":-0.3776531517505646,"y":0.11270662397146225,"z":-0.04637042060494423,"w":-0.9178916811943054},"size":1.7251253128051758,"orthographic":false}