{"cameraMode":{"drawMode":1,"name":"Wireframe","section":"Shading Mode"},"sceneLighting":true,"audioPlay":false,"sceneViewState":{"showFog":true,"showMaterialUpdate":false,"showSkybox":false,"showFlares":true,"showImageEffects":true,"showParticleSystems":true},"in2DMode":false,"pivot":{"x":-3.114175319671631,"y":0.7808420062065125,"z":-0.3697262704372406},"rotation":{"x":-0.06823253631591797,"y":0.6780151724815369,"z":-0.06345005333423615,"w":-0.7291185855865479},"size":5.7025980949401859,"orthographic":false}