{"cameraMode":{"drawMode":0,"name":"Shaded","section":"Shading Mode"},"sceneLighting":true,"audioPlay":false,"sceneViewState":{"showFog":true,"showMaterialUpdate":false,"showSkybox":true,"showFlares":true,"showImageEffects":true,"showParticleSystems":true},"in2DMode":false,"pivot":{"x":272.6507568359375,"y":2.0543222427368166,"z":266.8730773925781},"rotation":{"x":0.14529964327812196,"y":0.4319084882736206,"z":-0.07072515040636063,"w":0.8873224258422852},"size":14.20910358428955,"orthographic":false}