{"cameraMode":{"drawMode":0,"name":"Shaded","section":"Shading Mode"},"sceneLighting":true,"audioPlay":false,"sceneViewState":{"showFog":true,"showMaterialUpdate":false,"showSkybox":true,"showFlares":true,"showImageEffects":true,"showParticleSystems":true},"in2DMode":false,"pivot":{"x":298.7884826660156,"y":-4.785194396972656,"z":294.15264892578127},"rotation":{"x":0.38951191306114199,"y":-0.17812801897525788,"z":0.07706192880868912,"w":0.9003401398658752},"size":95.97972106933594,"orthographic":false}