{"cameraMode":{"drawMode":0,"name":"Shaded","section":"Shading Mode"},"sceneLighting":true,"audioPlay":false,"sceneViewState":{"showFog":true,"showMaterialUpdate":false,"showSkybox":false,"showFlares":true,"showImageEffects":true,"showParticleSystems":true},"in2DMode":false,"pivot":{"x":1.8720588684082032,"y":4.209259986877441,"z":9.92521858215332},"rotation":{"x":-0.010364933870732785,"y":0.9810582399368286,"z":-0.0548119880259037,"w":-0.18550725281238557},"size":33.326107025146487,"orthographic":false}