{"cameraMode":{"drawMode":0,"name":"Shaded","section":"Shading Mode"},"sceneLighting":true,"audioPlay":false,"sceneViewState":{"showFog":true,"showMaterialUpdate":false,"showSkybox":false,"showFlares":true,"showImageEffects":true,"showParticleSystems":true},"in2DMode":false,"pivot":{"x":-124.12372589111328,"y":1.6954271793365479,"z":-34.20357894897461},"rotation":{"x":0.044118642807006839,"y":-0.8124773502349854,"z":-0.06201447919011116,"w":-0.5780037641525269},"size":2.9228954315185549,"orthographic":false}