{"cameraMode":{"drawMode":0,"name":"Shaded","section":"Shading Mode"},"sceneLighting":true,"audioPlay":false,"sceneViewState":{"showFog":true,"showMaterialUpdate":false,"showSkybox":false,"showFlares":true,"showImageEffects":true,"showParticleSystems":true},"in2DMode":false,"pivot":{"x":0.36991944909095766,"y":1.095065712928772,"z":0.3988090753555298},"rotation":{"x":0.005640147719532251,"y":-0.13250984251499177,"z":-0.0007540399674326181,"w":-0.9911653995513916},"size":1.7968955039978028,"orthographic":false}