{"cameraMode":{"drawMode":0,"name":"Shaded","section":"Shading Mode"},"sceneLighting":true,"audioPlay":false,"sceneViewState":{"showFog":true,"showMaterialUpdate":false,"showSkybox":false,"showFlares":true,"showImageEffects":true,"showParticleSystems":true},"in2DMode":false,"pivot":{"x":0.13771331310272218,"y":1.591362714767456,"z":0.4562004804611206},"rotation":{"x":0.005640147719532251,"y":-0.13250984251499177,"z":-0.0007540399674326181,"w":-0.9911653995513916},"size":3.596895217895508,"orthographic":false}