{"cameraMode":{"drawMode":0,"name":"Shaded","section":"Shading Mode"},"sceneLighting":true,"audioPlay":false,"sceneViewState":{"showFog":true,"showMaterialUpdate":false,"showSkybox":true,"showFlares":true,"showImageEffects":true,"showParticleSystems":true},"in2DMode":false,"pivot":{"x":230.781982421875,"y":75.96600341796875,"z":219.4481658935547},"rotation":{"x":0.21861916780471803,"y":-0.20093773305416108,"z":0.046056631952524188,"w":0.9537863731384277},"size":22.0,"orthographic":false}