{"cameraMode":{"drawMode":0,"name":"Shaded","section":"Shading Mode"},"sceneLighting":false,"audioPlay":false,"sceneViewState":{"showFog":true,"showMaterialUpdate":false,"showSkybox":false,"showFlares":true,"showImageEffects":true,"showParticleSystems":true},"in2DMode":false,"pivot":{"x":297.6000061035156,"y":19.530000686645509,"z":247.7100067138672},"rotation":{"x":0.1423557698726654,"y":-0.6829922199249268,"z":0.13831551373004914,"w":0.7029404640197754},"size":26.235408782958986,"orthographic":false}